_id,sessionId,customerId,merchantId,eventType,productId,productIds[0],productIds[1],productIds[2],productIds[3],cartTotal,recoveryStatus,createdAt,__v,cartItems[0].productId,cartItems[1].productId,cartItems[2].productId,cartItems[3].productId,cartItems[0].name,cartItems[1].name,cartItems[2].name,cartItems[3].name,cartItems[0].quantity,cartItems[1].quantity,cartItems[2].quantity,cartItems[3].quantity,cartItems[0].price,cartItems[1].price,cartItems[2].price,cartItems[3].price,cartItems[0]._id,cartItems[1]._id,cartItems[2]._id,cartItems[3]._id,abandonmentReason
6a79b1865e74060a157e6a8c,session_1786293764305_agj3v9c17,6a782dc1018c2b4d3ecac696,,wishlist_viewed,,6a71c3bb6066bd8f2f847f38,6a777916b31338dbaaaf79bf,6a71c15a6066bd8f2f847d8b,6a71c0dc6066bd8f2f847d6f,0,pending,2026-08-10T11:09:58.450Z,0,,,,,,,,,,,,,,,,,,,,,
6a79b1865e74060a157e6a92,session_1786293764305_agj3v9c17,6a782dc1018c2b4d3ecac696,,wishlist_viewed,,6a71c3bb6066bd8f2f847f38,6a777916b31338dbaaaf79bf,6a71c15a6066bd8f2f847d8b,6a71c0dc6066bd8f2f847d6f,0,pending,2026-08-10T11:09:58.475Z,0,,,,,,,,,,,,,,,,,,,,,
6a79b1865e74060a157e6a9d,session_1786293764305_agj3v9c17,6a782dc1018c2b4d3ecac696,,wishlist_viewed,,6a777916b31338dbaaaf79bf,6a71c15a6066bd8f2f847d8b,6a71c0dc6066bd8f2f847d6f,,0,pending,2026-08-10T11:09:58.531Z,0,,,,,,,,,,,,,,,,,,,,,
6a79b1865e74060a157e6aaf,session_1786293764305_agj3v9c17,6a782dc1018c2b4d3ecac696,6a705b1d0bded7df22f1c4a5,add_to_cart,6a71c15a6066bd8f2f847d8b,,,,,549.91,pending,2026-08-10T11:09:58.589Z,0,6a71c15a6066bd8f2f847d8b,,,,Wirless earBuds,,,,1,,,,549.91,,,,6a79b1865e74060a157e6ab0,,,,
6a79b1865e74060a157e6ab4,session_1786293764305_agj3v9c17,6a782dc1018c2b4d3ecac696,,wishlist_viewed,,6a777916b31338dbaaaf79bf,6a71c0dc6066bd8f2f847d6f,,,0,pending,2026-08-10T11:09:58.611Z,0,,,,,,,,,,,,,,,,,,,,,
6a79b1865e74060a157e6abd,session_1786293764305_agj3v9c17,6a782dc1018c2b4d3ecac696,6a70a070faabc7ced4271957,cart_viewed,,,,,,16049.99,pending,2026-08-10T11:09:58.645Z,0,6a777a2bb31338dbaaaf7a30,6a777916b31338dbaaaf79bf,6a71c15a6066bd8f2f847d8b,,Dell Inspiron Laptop,Colorful Charger Protective Set,Wirless earBuds,,1,1,1,,15300,200.08,549.91,,6a79abfe8d280279a63e5f1f,6a79ac0f8d280279a63e5fdf,6a79b1835e74060a157e6a52,,
6a79b1895e74060a157e6ad6,session_1786293764305_agj3v9c17,6a782dc1018c2b4d3ecac696,6a70a070faabc7ced4271957,cart_viewed,,,,,,16049.99,pending,2026-08-10T11:10:01.572Z,0,6a777a2bb31338dbaaaf7a30,6a777916b31338dbaaaf79bf,6a71c15a6066bd8f2f847d8b,,Dell Inspiron Laptop,Colorful Charger Protective Set,Wirless earBuds,,1,1,1,,15300,200.08,549.91,,6a79abfe8d280279a63e5f1f,6a79ac0f8d280279a63e5fdf,6a79b1835e74060a157e6a52,,
6a79b18c5e74060a157e6ae8,session_1786293764305_agj3v9c17,6a782dc1018c2b4d3ecac696,6a70a070faabc7ced4271957,cart_viewed,,,,,,15849.91,pending,2026-08-10T11:10:04.707Z,0,6a777a2bb31338dbaaaf7a30,6a71c15a6066bd8f2f847d8b,,,Dell Inspiron Laptop,Wirless earBuds,,,1,1,,,15300,549.91,,,6a79abfe8d280279a63e5f1f,6a79b1835e74060a157e6a52,,,
6a79b18e5e74060a157e6af0,session_1786293764305_agj3v9c17,6a782dc1018c2b4d3ecac696,6a70a070faabc7ced4271957,checkout_started,,,,,,15849.91,pending,2026-08-10T11:10:06.209Z,0,6a777a2bb31338dbaaaf7a30,6a71c15a6066bd8f2f847d8b,,,Dell Inspiron Laptop,Wirless earBuds,,,1,1,,,15300,549.91,,,6a79abfe8d280279a63e5f1f,6a79b1835e74060a157e6a52,,,
6a79b1915e74060a157e6b2a,session_1786293764305_agj3v9c17,6a782dc1018c2b4d3ecac696,6a70a070faabc7ced4271957,checkout_started,,,,,,15849.91,pending,2026-08-10T11:10:09.512Z,0,6a777a2bb31338dbaaaf7a30,6a71c15a6066bd8f2f847d8b,,,Dell Inspiron Laptop,Wirless earBuds,,,1,1,,,15300,549.91,,,6a79abfe8d280279a63e5f1f,6a79b1835e74060a157e6a52,,,
6a79b1c65e74060a157e6c5f,session_1786293764305_agj3v9c17,6a782e97018c2b4d3ecad2cf,6a70a070faabc7ced4271957,product_viewed,6a777c33b31338dbaaaf7ac1,,,,,0,pending,2026-08-10T11:11:02.282Z,0,,,,,,,,,,,,,,,,,,,,,
6a79b1c65e74060a157e6c62,session_1786293764305_agj3v9c17,6a782e97018c2b4d3ecad2cf,6a70a070faabc7ced4271957,product_viewed,6a777bd9b31338dbaaaf7aa2,,,,,0,pending,2026-08-10T11:11:02.310Z,0,,,,,,,,,,,,,,,,,,,,,
6a79b1c65e74060a157e6c65,session_1786293764305_agj3v9c17,6a782e97018c2b4d3ecad2cf,6a70a070faabc7ced4271957,product_viewed,6a777b64b31338dbaaaf7a84,,,,,0,pending,2026-08-10T11:11:02.341Z,0,,,,,,,,,,,,,,,,,,,,,
6a79b1c65e74060a157e6c68,session_1786293764305_agj3v9c17,6a782e97018c2b4d3ecad2cf,6a70a070faabc7ced4271957,product_viewed,6a777afcb31338dbaaaf7a67,,,,,0,pending,2026-08-10T11:11:02.362Z,0,,,,,,,,,,,,,,,,,,,,,
6a79b1c65e74060a157e6c6b,session_1786293764305_agj3v9c17,6a782e97018c2b4d3ecad2cf,6a70a070faabc7ced4271957,product_viewed,6a777aafb31338dbaaaf7a4b,,,,,0,pending,2026-08-10T11:11:02.381Z,0,,,,,,,,,,,,,,,,,,,,,
6a79b1c65e74060a157e6c6e,session_1786293764305_agj3v9c17,6a782e97018c2b4d3ecad2cf,6a70a070faabc7ced4271957,product_viewed,6a777a2bb31338dbaaaf7a30,,,,,0,pending,2026-08-10T11:11:02.399Z,0,,,,,,,,,,,,,,,,,,,,,
6a79b1c65e74060a157e6c71,session_1786293764305_agj3v9c17,6a782e97018c2b4d3ecad2cf,6a70a070faabc7ced4271957,product_viewed,6a7779bab31338dbaaaf7a04,,,,,0,pending,2026-08-10T11:11:02.542Z,0,,,,,,,,,,,,,,,,,,,,,
6a79b1c65e74060a157e6c74,session_1786293764305_agj3v9c17,6a782e97018c2b4d3ecad2cf,6a70a070faabc7ced4271957,product_viewed,6a777916b31338dbaaaf79bf,,,,,0,pending,2026-08-10T11:11:02.560Z,0,,,,,,,,,,,,,,,,,,,,,
6a79b1ce5e74060a157e6cf7,session_1786293764305_agj3v9c17,6a782e97018c2b4d3ecad2cf,6a70a070faabc7ced4271957,product_viewed,6a77783db31338dbaaaf7966,,,,,0,pending,2026-08-10T11:11:10.572Z,0,,,,,,,,,,,,,,,,,,,,,
6a79b1ce5e74060a157e6d04,session_1786293764305_agj3v9c17,6a782e97018c2b4d3ecad2cf,6a705b1d0bded7df22f1c4a5,product_viewed,6a71c2606066bd8f2f847dfb,,,,,0,pending,2026-08-10T11:11:10.595Z,0,,,,,,,,,,,,,,,,,,,,,
6a79b1ce5e74060a157e6d0c,session_1786293764305_agj3v9c17,6a782e97018c2b4d3ecad2cf,6a70a070faabc7ced4271957,product_viewed,6a777916b31338dbaaaf79bf,,,,,0,pending,2026-08-10T11:11:10.632Z,0,,,,,,,,,,,,,,,,,,,,,
6a79b1ce5e74060a157e6d16,session_1786293764305_agj3v9c17,6a782e97018c2b4d3ecad2cf,6a70a070faabc7ced4271957,product_viewed,6a777916b31338dbaaaf79bf,,,,,0,pending,2026-08-10T11:11:10.668Z,0,,,,,,,,,,,,,,,,,,,,,
6a79b1ce5e74060a157e6d19,session_1786293764305_agj3v9c17,6a782e97018c2b4d3ecad2cf,6a70a070faabc7ced4271957,product_viewed,6a77783db31338dbaaaf7966,,,,,0,pending,2026-08-10T11:11:10.697Z,0,,,,,,,,,,,,,,,,,,,,,
6a79b1ce5e74060a157e6d1c,session_1786293764305_agj3v9c17,6a782e97018c2b4d3ecad2cf,6a70a070faabc7ced4271957,product_viewed,6a77783db31338dbaaaf7966,,,,,0,pending,2026-08-10T11:11:10.721Z,0,,,,,,,,,,,,,,,,,,,,,
6a79b1ce5e74060a157e6d1f,session_1786293764305_agj3v9c17,6a782e97018c2b4d3ecad2cf,6a70a070faabc7ced4271957,add_to_cart,6a77783db31338dbaaaf7966,,,,,25009,pending,2026-08-10T11:11:10.746Z,0,6a77783db31338dbaaaf7966,,,,Samsung Galaxy A55,,,,1,,,,25009,,,,6a79b1ce5e74060a157e6d20,,,,
6a79b1d75e74060a157e6daf,session_1786293764305_agj3v9c17,6a782e97018c2b4d3ecad2cf,,wishlist_viewed,,6a71c8456066bd8f2f84817c,6a71bee46066bd8f2f847cd9,6a7789b28744a00092f0331c,,0,pending,2026-08-10T11:11:19.663Z,0,,,,,,,,,,,,,,,,,,,,,
6a79b1d75e74060a157e6db1,session_1786293764305_agj3v9c17,6a782e97018c2b4d3ecad2cf,,wishlist_viewed,,6a71c8456066bd8f2f84817c,6a71bee46066bd8f2f847cd9,6a7789b28744a00092f0331c,,0,pending,2026-08-10T11:11:19.698Z,0,,,,,,,,,,,,,,,,,,,,,
6a79b1d75e74060a157e6db4,session_1786293764305_agj3v9c17,6a782e97018c2b4d3ecad2cf,,wishlist_viewed,,6a71c8456066bd8f2f84817c,6a7789b28744a00092f0331c,,,0,pending,2026-08-10T11:11:19.717Z,0,,,,,,,,,,,,,,,,,,,,,
6a79b1d75e74060a157e6db7,session_1786293764305_agj3v9c17,6a782e97018c2b4d3ecad2cf,6a70a070faabc7ced4271957,cart_viewed,,,,,,25679,pending,2026-08-10T11:11:19.739Z,0,6a7789b28744a00092f0331c,6a77783db31338dbaaaf7966,,,"DANCING CACTUS ,Toy for children,toy",Samsung Galaxy A55,,,1,1,,,670,25009,,,6a79ac328d280279a63e61fb,6a79b1cb5e74060a157e6cda,,,
6a79b1d75e74060a157e6dbc,session_1786293764305_agj3v9c17,6a782e97018c2b4d3ecad2cf,6a70a070faabc7ced4271957,cart_viewed,,,,,,25679,pending,2026-08-10T11:11:19.758Z,0,6a7789b28744a00092f0331c,6a77783db31338dbaaaf7966,,,"DANCING CACTUS ,Toy for children,toy",Samsung Galaxy A55,,,1,1,,,670,25009,,,6a79ac328d280279a63e61fb,6a79b1cb5e74060a157e6cda,,,
6a79b1e25e74060a157e6e83,session_1786293764305_agj3v9c17,6a782c19018c2b4d3ecabb2a,6a70a070faabc7ced4271957,product_viewed,6a777c33b31338dbaaaf7ac1,,,,,0,pending,2026-08-10T11:11:30.366Z,0,,,,,,,,,,,,,,,,,,,,,
6a79b1e25e74060a157e6e86,session_1786293764305_agj3v9c17,6a782c19018c2b4d3ecabb2a,6a70a070faabc7ced4271957,product_viewed,6a777bd9b31338dbaaaf7aa2,,,,,0,pending,2026-08-10T11:11:30.389Z,0,,,,,,,,,,,,,,,,,,,,,
6a79b1e25e74060a157e6e89,session_1786293764305_agj3v9c17,6a782c19018c2b4d3ecabb2a,6a70a070faabc7ced4271957,product_viewed,6a777b64b31338dbaaaf7a84,,,,,0,pending,2026-08-10T11:11:30.411Z,0,,,,,,,,,,,,,,,,,,,,,
6a79b1e25e74060a157e6e8c,session_1786293764305_agj3v9c17,6a782c19018c2b4d3ecabb2a,6a70a070faabc7ced4271957,product_viewed,6a777afcb31338dbaaaf7a67,,,,,0,pending,2026-08-10T11:11:30.432Z,0,,,,,,,,,,,,,,,,,,,,,
6a79b1e25e74060a157e6e8f,session_1786293764305_agj3v9c17,6a782c19018c2b4d3ecabb2a,6a70a070faabc7ced4271957,product_viewed,6a777aafb31338dbaaaf7a4b,,,,,0,pending,2026-08-10T11:11:30.452Z,0,,,,,,,,,,,,,,,,,,,,,
6a79b1e25e74060a157e6e92,session_1786293764305_agj3v9c17,6a782c19018c2b4d3ecabb2a,6a70a070faabc7ced4271957,product_viewed,6a777a2bb31338dbaaaf7a30,,,,,0,pending,2026-08-10T11:11:30.469Z,0,,,,,,,,,,,,,,,,,,,,,
6a79b1e25e74060a157e6e95,session_1786293764305_agj3v9c17,6a782c19018c2b4d3ecabb2a,6a70a070faabc7ced4271957,product_viewed,6a7779bab31338dbaaaf7a04,,,,,0,pending,2026-08-10T11:11:30.829Z,0,,,,,,,,,,,,,,,,,,,,,
6a79b1e25e74060a157e6e98,session_1786293764305_agj3v9c17,6a782c19018c2b4d3ecabb2a,6a70a070faabc7ced4271957,product_viewed,6a777916b31338dbaaaf79bf,,,,,0,pending,2026-08-10T11:11:30.848Z,0,,,,,,,,,,,,,,,,,,,,,
6a79b1e55e74060a157e6e9e,session_1786293764305_agj3v9c17,6a782c19018c2b4d3ecabb2a,6a70a070faabc7ced4271957,product_viewed,6a77783db31338dbaaaf7966,,,,,0,pending,2026-08-10T11:11:33.377Z,0,,,,,,,,,,,,,,,,,,,,,
6a79b1e55e74060a157e6ea1,session_1786293764305_agj3v9c17,6a782c19018c2b4d3ecabb2a,6a705b1d0bded7df22f1c4a5,product_viewed,6a71c2606066bd8f2f847dfb,,,,,0,pending,2026-08-10T11:11:33.398Z,0,,,,,,,,,,,,,,,,,,,,,
6a79b1ed5e74060a157e6f20,session_1786293764305_agj3v9c17,6a782c19018c2b4d3ecabb2a,6a705b1d0bded7df22f1c4a5,product_viewed,6a71bfde6066bd8f2f847d17,,,,,0,pending,2026-08-10T11:11:41.733Z,0,,,,,,,,,,,,,,,,,,,,,
6a79b1ed5e74060a157e6f23,session_1786293764305_agj3v9c17,6a782c19018c2b4d3ecabb2a,6a705b1d0bded7df22f1c4a5,product_viewed,6a71bfde6066bd8f2f847d17,,,,,0,pending,2026-08-10T11:11:41.755Z,0,,,,,,,,,,,,,,,,,,,,,
6a79b1ed5e74060a157e6f26,session_1786293764305_agj3v9c17,6a782c19018c2b4d3ecabb2a,6a70a070faabc7ced4271957,product_viewed,6a777a2bb31338dbaaaf7a30,,,,,0,pending,2026-08-10T11:11:41.777Z,0,,,,,,,,,,,,,,,,,,,,,
6a79b1ed5e74060a157e6f29,session_1786293764305_agj3v9c17,6a782c19018c2b4d3ecabb2a,6a70a070faabc7ced4271957,product_viewed,6a777a2bb31338dbaaaf7a30,,,,,0,pending,2026-08-10T11:11:41.800Z,0,,,,,,,,,,,,,,,,,,,,,
6a79b1ed5e74060a157e6f2c,session_1786293764305_agj3v9c17,6a782c19018c2b4d3ecabb2a,6a70a070faabc7ced4271957,add_to_cart,6a777a2bb31338dbaaaf7a30,,,,,15300,pending,2026-08-10T11:11:41.819Z,0,6a777a2bb31338dbaaaf7a30,,,,Dell Inspiron Laptop,,,,1,,,,15300,,,,6a79b1ed5e74060a157e6f2d,,,,
6a79b1f65e74060a157e6fab,session_1786293764305_agj3v9c17,6a782c19018c2b4d3ecabb2a,6a705b1d0bded7df22f1c4a5,cart_viewed,,,,,,16299,pending,2026-08-10T11:11:50.291Z,0,6a71c2606066bd8f2f847dfb,6a777a2bb31338dbaaaf7a30,,,Home Thetre,Dell Inspiron Laptop,,,1,1,,,999,15300,,,6a79abc28d280279a63e5afd,6a79b1ea5e74060a157e6f14,,,
6a79b1f65e74060a157e6fbc,session_1786293764305_agj3v9c17,6a782c19018c2b4d3ecabb2a,6a705b1d0bded7df22f1c4a5,cart_viewed,,,,,,16299,pending,2026-08-10T11:11:50.334Z,0,6a71c2606066bd8f2f847dfb,6a777a2bb31338dbaaaf7a30,,,Home Thetre,Dell Inspiron Laptop,,,1,1,,,999,15300,,,6a79abc28d280279a63e5afd,6a79b1ea5e74060a157e6f14,,,
6a79b1fc5e74060a157e7021,session_1786293764305_agj3v9c17,6a782c19018c2b4d3ecabb2a,,wishlist_viewed,,6a777d53b31338dbaaaf7b24,6a7779bab31338dbaaaf7a04,,,0,pending,2026-08-10T11:11:56.406Z,0,,,,,,,,,,,,,,,,,,,,,
6a79b1fc5e74060a157e7023,session_1786293764305_agj3v9c17,6a782c19018c2b4d3ecabb2a,,wishlist_viewed,,6a777d53b31338dbaaaf7b24,6a7779bab31338dbaaaf7a04,,,0,pending,2026-08-10T11:11:56.417Z,0,,,,,,,,,,,,,,,,,,,,,
6a79b1fc5e74060a157e7026,session_1786293764305_agj3v9c17,6a782c19018c2b4d3ecabb2a,,wishlist_viewed,,6a7779bab31338dbaaaf7a04,,,,0,pending,2026-08-10T11:11:56.440Z,0,,,,,,,,,,,,,,,,,,,,,
6a79b2305e74060a157e714a,session_1786293764305_agj3v9c17,6a782c19018c2b4d3ecabb2a,,product_abandoned,,,,,,0,pending,2026-08-10T11:12:48.561Z,0,,,,,,,,,,,,,,,,,,,,,high_interest_no_purchase
6a79b2425e74060a157e71a2,session_1786293764305_agj3v9c17,6a782c19018c2b4d3ecabb2a,,product_abandoned,,,,,,0,pending,2026-08-10T11:13:06.506Z,0,,,,,,,,,,,,,,,,,,,,,high_interest_no_purchase
6a79b31f5e74060a157e71fa,session_1786293764305_agj3v9c17,6a782c19018c2b4d3ecabb2a,,checkout_abandoned,,,,,,15849.91,pending,2026-08-10T11:16:47.276Z,0,6a777a2bb31338dbaaaf7a30,6a71c15a6066bd8f2f847d8b,,,Dell Inspiron Laptop,Wirless earBuds,,,1,1,,,15300,549.91,,,6a79abfe8d280279a63e5f1f,6a79b1835e74060a157e6a52,,,high_price
6a79b32e5e74060a157e72b8,session_1786293764305_agj3v9c17,6a782dc1018c2b4d3ecac696,,cart_abandoned,,,,,,549.91,pending,2026-08-10T11:17:02.329Z,0,6a71c15a6066bd8f2f847d8b,,,,Wirless earBuds,,,,1,,,,549.91,,,,6a79b1865e74060a157e6ab0,,,,cart_aged
6a79b3940be8148d3222f1e1,session_1786293764305_agj3v9c17,6a782dc1018c2b4d3ecac696,6a705b1d0bded7df22f1c4a5,cart_abandoned,,,,,,549.91,pending,2026-08-10T11:18:44.039Z,0,6a71c15a6066bd8f2f847d8b,,,,Wirless earBuds,,,,1,,,,549.91,,,,6a79b1865e74060a157e6ab0,,,,cart_aged
6a79b3af0be8148d3222f2b7,session_1786293764305_agj3v9c17,6a782c19018c2b4d3ecabb2a,6a70a070faabc7ced4271957,checkout_abandoned,,,,,,15849.91,pending,2026-08-10T11:19:11.249Z,0,6a777a2bb31338dbaaaf7a30,6a71c15a6066bd8f2f847d8b,,,Dell Inspiron Laptop,Wirless earBuds,,,1,1,,,15300,549.91,,,6a79abfe8d280279a63e5f1f,6a79b1835e74060a157e6a52,,,high_price
6a79cd90cb9be52a3bd55c84,session_1786293764305_agj3v9c17,6a782c19018c2b4d3ecabb2a,6a70a070faabc7ced4271957,product_viewed,6a777c33b31338dbaaaf7ac1,,,,,0,pending,2026-08-10T13:09:36.343Z,0,,,,,,,,,,,,,,,,,,,,,
6a79cd90cb9be52a3bd55c87,session_1786293764305_agj3v9c17,6a782c19018c2b4d3ecabb2a,6a70a070faabc7ced4271957,product_viewed,6a777bd9b31338dbaaaf7aa2,,,,,0,pending,2026-08-10T13:09:36.373Z,0,,,,,,,,,,,,,,,,,,,,,
6a79cd90cb9be52a3bd55c8a,session_1786293764305_agj3v9c17,6a782c19018c2b4d3ecabb2a,6a70a070faabc7ced4271957,product_viewed,6a777b64b31338dbaaaf7a84,,,,,0,pending,2026-08-10T13:09:36.390Z,0,,,,,,,,,,,,,,,,,,,,,
6a79cd90cb9be52a3bd55c8d,session_1786293764305_agj3v9c17,6a782c19018c2b4d3ecabb2a,6a70a070faabc7ced4271957,product_viewed,6a777afcb31338dbaaaf7a67,,,,,0,pending,2026-08-10T13:09:36.410Z,0,,,,,,,,,,,,,,,,,,,,,
6a79cd90cb9be52a3bd55c90,session_1786293764305_agj3v9c17,6a782c19018c2b4d3ecabb2a,6a70a070faabc7ced4271957,product_viewed,6a777aafb31338dbaaaf7a4b,,,,,0,pending,2026-08-10T13:09:36.432Z,0,,,,,,,,,,,,,,,,,,,,,
6a79cd90cb9be52a3bd55c93,session_1786293764305_agj3v9c17,6a782c19018c2b4d3ecabb2a,6a70a070faabc7ced4271957,product_viewed,6a777a2bb31338dbaaaf7a30,,,,,0,pending,2026-08-10T13:09:36.454Z,0,,,,,,,,,,,,,,,,,,,,,
6a79cd90cb9be52a3bd55c96,session_1786293764305_agj3v9c17,6a782c19018c2b4d3ecabb2a,6a70a070faabc7ced4271957,product_viewed,6a7779bab31338dbaaaf7a04,,,,,0,pending,2026-08-10T13:09:36.870Z,0,,,,,,,,,,,,,,,,,,,,,
6a79cd90cb9be52a3bd55c99,session_1786293764305_agj3v9c17,6a782c19018c2b4d3ecabb2a,6a70a070faabc7ced4271957,product_viewed,6a777916b31338dbaaaf79bf,,,,,0,pending,2026-08-10T13:09:36.891Z,0,,,,,,,,,,,,,,,,,,,,,
6a79cd99cb9be52a3bd55cfe,session_1786293764305_agj3v9c17,6a782c19018c2b4d3ecabb2a,6a70a070faabc7ced4271957,product_viewed,6a77783db31338dbaaaf7966,,,,,0,pending,2026-08-10T13:09:45.475Z,0,,,,,,,,,,,,,,,,,,,,,
6a79cd99cb9be52a3bd55d01,session_1786293764305_agj3v9c17,6a782c19018c2b4d3ecabb2a,6a705b1d0bded7df22f1c4a5,product_viewed,6a71c2606066bd8f2f847dfb,,,,,0,pending,2026-08-10T13:09:45.497Z,0,,,,,,,,,,,,,,,,,,,,,
6a79cd99cb9be52a3bd55d04,session_1786293764305_agj3v9c17,6a782c19018c2b4d3ecabb2a,6a705b1d0bded7df22f1c4a5,product_viewed,6a71c2606066bd8f2f847dfb,,,,,0,pending,2026-08-10T13:09:45.516Z,0,,,,,,,,,,,,,,,,,,,,,
6a79cd99cb9be52a3bd55d07,session_1786293764305_agj3v9c17,6a782c19018c2b4d3ecabb2a,6a705b1d0bded7df22f1c4a5,product_viewed,6a71c2606066bd8f2f847dfb,,,,,0,pending,2026-08-10T13:09:45.536Z,0,,,,,,,,,,,,,,,,,,,,,
6a79cd99cb9be52a3bd55d0a,session_1786293764305_agj3v9c17,6a782c19018c2b4d3ecabb2a,6a705b1d0bded7df22f1c4a5,add_to_cart,6a71c2606066bd8f2f847dfb,,,,,999,pending,2026-08-10T13:09:45.555Z,0,6a71c2606066bd8f2f847dfb,,,,Home Thetre,,,,1,,,,999,,,,6a79cd99cb9be52a3bd55d0b,,,,
6a79cd9fcb9be52a3bd55daf,session_1786293764305_agj3v9c17,6a782c19018c2b4d3ecabb2a,6a705b1d0bded7df22f1c4a5,cart_viewed,,,,,,17298,pending,2026-08-10T13:09:51.365Z,0,6a71c2606066bd8f2f847dfb,6a777a2bb31338dbaaaf7a30,,,Home Thetre,Dell Inspiron Laptop,,,2,1,,,999,15300,,,6a79abc28d280279a63e5afd,6a79b1ea5e74060a157e6f14,,,
6a79cd9fcb9be52a3bd55db4,session_1786293764305_agj3v9c17,6a782c19018c2b4d3ecabb2a,6a705b1d0bded7df22f1c4a5,cart_viewed,,,,,,17298,pending,2026-08-10T13:09:51.398Z,0,6a71c2606066bd8f2f847dfb,6a777a2bb31338dbaaaf7a30,,,Home Thetre,Dell Inspiron Laptop,,,2,1,,,999,15300,,,6a79abc28d280279a63e5afd,6a79b1ea5e74060a157e6f14,,,
6a79cda4cb9be52a3bd55e22,session_1786293764305_agj3v9c17,6a782c19018c2b4d3ecabb2a,6a705b1d0bded7df22f1c4a5,checkout_started,,,,,,17298,pending,2026-08-10T13:09:56.163Z,0,6a71c2606066bd8f2f847dfb,6a777a2bb31338dbaaaf7a30,,,Home Thetre,Dell Inspiron Laptop,,,2,1,,,999,15300,,,6a79abc28d280279a63e5afd,6a79b1ea5e74060a157e6f14,,,
6a79cda7cb9be52a3bd55e6c,session_1786293764305_agj3v9c17,6a782c19018c2b4d3ecabb2a,6a705b1d0bded7df22f1c4a5,cart_viewed,,,,,,17298,pending,2026-08-10T13:09:59.614Z,0,6a71c2606066bd8f2f847dfb,6a777a2bb31338dbaaaf7a30,,,Home Thetre,Dell Inspiron Laptop,,,2,1,,,999,15300,,,6a79abc28d280279a63e5afd,6a79b1ea5e74060a157e6f14,,,
6a79cda7cb9be52a3bd55e71,session_1786293764305_agj3v9c17,6a782c19018c2b4d3ecabb2a,6a705b1d0bded7df22f1c4a5,cart_viewed,,,,,,17298,pending,2026-08-10T13:09:59.642Z,0,6a71c2606066bd8f2f847dfb,6a777a2bb31338dbaaaf7a30,,,Home Thetre,Dell Inspiron Laptop,,,2,1,,,999,15300,,,6a79abc28d280279a63e5afd,6a79b1ea5e74060a157e6f14,,,
6a79cda7cb9be52a3bd55e76,session_1786293764305_agj3v9c17,6a782c19018c2b4d3ecabb2a,6a705b1d0bded7df22f1c4a5,checkout_started,,,,,,17298,pending,2026-08-10T13:09:59.668Z,0,6a71c2606066bd8f2f847dfb,6a777a2bb31338dbaaaf7a30,,,Home Thetre,Dell Inspiron Laptop,,,2,1,,,999,15300,,,6a79abc28d280279a63e5afd,6a79b1ea5e74060a157e6f14,,,
6a79cda9cb9be52a3bd55ea3,session_1786293764305_agj3v9c17,6a782c19018c2b4d3ecabb2a,6a705b1d0bded7df22f1c4a5,purchase_completed,,,,,,17298,pending,2026-08-10T13:10:01.726Z,0,6a71c2606066bd8f2f847dfb,6a777a2bb31338dbaaaf7a30,,,Home Thetre,Dell Inspiron Laptop,,,2,1,,,999,15300,,,6a79abc28d280279a63e5afd,6a79b1ea5e74060a157e6f14,,,
6a79cdb0cb9be52a3bd55f1c,session_1786293764305_agj3v9c17,6a782c19018c2b4d3ecabb2a,6a705b1d0bded7df22f1c4a5,purchase_completed,,,,,,17298,pending,2026-08-10T13:10:08.571Z,0,6a71c2606066bd8f2f847dfb,6a777a2bb31338dbaaaf7a30,,,Home Thetre,Dell Inspiron Laptop,,,2,1,,,999,15300,,,6a79abc28d280279a63e5afd,6a79b1ea5e74060a157e6f14,,,
6a79cdbacb9be52a3bd55fb9,session_1786293764305_agj3v9c17,6a782c19018c2b4d3ecabb2a,6a70a070faabc7ced4271957,product_viewed,6a777c33b31338dbaaaf7ac1,,,,,0,pending,2026-08-10T13:10:18.807Z,0,,,,,,,,,,,,,,,,,,,,,
6a79cdbacb9be52a3bd55fbc,session_1786293764305_agj3v9c17,6a782c19018c2b4d3ecabb2a,6a70a070faabc7ced4271957,product_viewed,6a777bd9b31338dbaaaf7aa2,,,,,0,pending,2026-08-10T13:10:18.831Z,0,,,,,,,,,,,,,,,,,,,,,
6a79cdbacb9be52a3bd55fbf,session_1786293764305_agj3v9c17,6a782c19018c2b4d3ecabb2a,6a70a070faabc7ced4271957,product_viewed,6a777b64b31338dbaaaf7a84,,,,,0,pending,2026-08-10T13:10:18.854Z,0,,,,,,,,,,,,,,,,,,,,,
6a79cdbacb9be52a3bd55fc2,session_1786293764305_agj3v9c17,6a782c19018c2b4d3ecabb2a,6a70a070faabc7ced4271957,product_viewed,6a777afcb31338dbaaaf7a67,,,,,0,pending,2026-08-10T13:10:18.882Z,0,,,,,,,,,,,,,,,,,,,,,
6a79cdbacb9be52a3bd55fc5,session_1786293764305_agj3v9c17,6a782c19018c2b4d3ecabb2a,6a70a070faabc7ced4271957,product_viewed,6a777aafb31338dbaaaf7a4b,,,,,0,pending,2026-08-10T13:10:18.904Z,0,,,,,,,,,,,,,,,,,,,,,
6a79cdbacb9be52a3bd55fc8,session_1786293764305_agj3v9c17,6a782c19018c2b4d3ecabb2a,6a70a070faabc7ced4271957,product_viewed,6a777a2bb31338dbaaaf7a30,,,,,0,pending,2026-08-10T13:10:18.922Z,0,,,,,,,,,,,,,,,,,,,,,
6a79cdbacb9be52a3bd55fcb,session_1786293764305_agj3v9c17,6a782c19018c2b4d3ecabb2a,6a70a070faabc7ced4271957,product_viewed,6a7779bab31338dbaaaf7a04,,,,,0,pending,2026-08-10T13:10:18.946Z,0,,,,,,,,,,,,,,,,,,,,,
6a79cdc2cb9be52a3bd56031,session_1786293764305_agj3v9c17,6a782c19018c2b4d3ecabb2a,6a70a070faabc7ced4271957,product_viewed,6a777916b31338dbaaaf79bf,,,,,0,pending,2026-08-10T13:10:26.232Z,0,,,,,,,,,,,,,,,,,,,,,
6a79cdc2cb9be52a3bd56036,session_1786293764305_agj3v9c17,6a782c19018c2b4d3ecabb2a,6a70a070faabc7ced4271957,product_viewed,6a77783db31338dbaaaf7966,,,,,0,pending,2026-08-10T13:10:26.256Z,0,,,,,,,,,,,,,,,,,,,,,
6a79cdc2cb9be52a3bd56042,session_1786293764305_agj3v9c17,6a782c19018c2b4d3ecabb2a,6a705b1d0bded7df22f1c4a5,product_viewed,6a71c2606066bd8f2f847dfb,,,,,0,pending,2026-08-10T13:10:26.281Z,0,,,,,,,,,,,,,,,,,,,,,
6a79cdc2cb9be52a3bd56049,session_1786293764305_agj3v9c17,6a782c19018c2b4d3ecabb2a,6a705b1d0bded7df22f1c4a5,product_viewed,6a71c2606066bd8f2f847dfb,,,,,0,pending,2026-08-10T13:10:26.302Z,0,,,,,,,,,,,,,,,,,,,,,
6a79cdc2cb9be52a3bd5604c,session_1786293764305_agj3v9c17,6a782c19018c2b4d3ecabb2a,6a705b1d0bded7df22f1c4a5,product_viewed,6a71c2606066bd8f2f847dfb,,,,,0,pending,2026-08-10T13:10:26.324Z,0,,,,,,,,,,,,,,,,,,,,,
6a79cdc2cb9be52a3bd5604f,session_1786293764305_agj3v9c17,6a782c19018c2b4d3ecabb2a,6a70a070faabc7ced4271957,product_viewed,6a777916b31338dbaaaf79bf,,,,,0,pending,2026-08-10T13:10:26.354Z,0,,,,,,,,,,,,,,,,,,,,,
6a79cdc2cb9be52a3bd56052,session_1786293764305_agj3v9c17,6a782c19018c2b4d3ecabb2a,6a70a070faabc7ced4271957,product_viewed,6a777916b31338dbaaaf79bf,,,,,0,pending,2026-08-10T13:10:26.376Z,0,,,,,,,,,,,,,,,,,,,,,
6a79cdc2cb9be52a3bd56055,session_1786293764305_agj3v9c17,6a782c19018c2b4d3ecabb2a,6a705b1d0bded7df22f1c4a5,product_viewed,6a71c2606066bd8f2f847dfb,,,,,0,pending,2026-08-10T13:10:26.400Z,0,,,,,,,,,,,,,,,,,,,,,
6a79cdc9cb9be52a3bd56098,session_1786293764305_agj3v9c17,6a782c19018c2b4d3ecabb2a,6a705b1d0bded7df22f1c4a5,product_viewed,6a71c2606066bd8f2f847dfb,,,,,0,pending,2026-08-10T13:10:33.974Z,0,,,,,,,,,,,,,,,,,,,,,
6a79cdc9cb9be52a3bd5609c,session_1786293764305_agj3v9c17,6a782c19018c2b4d3ecabb2a,6a70a070faabc7ced4271957,product_viewed,6a777916b31338dbaaaf79bf,,,,,0,pending,2026-08-10T13:10:33.996Z,0,,,,,,,,,,,,,,,,,,,,,
6a79cdcacb9be52a3bd5609f,session_1786293764305_agj3v9c17,6a782c19018c2b4d3ecabb2a,6a70a070faabc7ced4271957,product_viewed,6a777916b31338dbaaaf79bf,,,,,0,pending,2026-08-10T13:10:34.023Z,0,,,,,,,,,,,,,,,,,,,,,
6a79cdcacb9be52a3bd560a2,session_1786293764305_agj3v9c17,6a782c19018c2b4d3ecabb2a,6a705b1d0bded7df22f1c4a5,product_viewed,6a71c2606066bd8f2f847dfb,,,,,0,pending,2026-08-10T13:10:34.058Z,0,,,,,,,,,,,,,,,,,,,,,
6a79cdcacb9be52a3bd560a5,session_1786293764305_agj3v9c17,6a782c19018c2b4d3ecabb2a,6a705b1d0bded7df22f1c4a5,product_viewed,6a71c2606066bd8f2f847dfb,,,,,0,pending,2026-08-10T13:10:34.081Z,0,,,,,,,,,,,,,,,,,,,,,
6a79cdcacb9be52a3bd560a8,session_1786293764305_agj3v9c17,6a782c19018c2b4d3ecabb2a,6a70a070faabc7ced4271957,product_viewed,6a777916b31338dbaaaf79bf,,,,,0,pending,2026-08-10T13:10:34.103Z,0,,,,,,,,,,,,,,,,,,,,,
6a79d089d7797d376718c263,session_1786293764305_agj3v9c17,6a782dc1018c2b4d3ecac696,6a705b1d0bded7df22f1c4a5,recovery_email_sent,,,,,,17298,pending,2026-08-10T13:22:17.292Z,0,6a71c2606066bd8f2f847dfb,6a777a2bb31338dbaaaf7a30,,,Home Thetre,Dell Inspiron Laptop,,,2,1,,,999,15300,,,6a79abc28d280279a63e5afd,6a79b1ea5e74060a157e6f14,,,
6a79d0a9d7797d376718c343,session_1786293764305_agj3v9c17,6a782dc1018c2b4d3ecac696,6a70a070faabc7ced4271957,cart_viewed,,,,,,15849.91,pending,2026-08-10T13:22:49.409Z,0,6a777a2bb31338dbaaaf7a30,6a71c15a6066bd8f2f847d8b,,,Dell Inspiron Laptop,Wirless earBuds,,,1,1,,,15300,549.91,,,6a79abfe8d280279a63e5f1f,6a79b1835e74060a157e6a52,,,
6a79d0a9d7797d376718c348,session_1786293764305_agj3v9c17,6a782dc1018c2b4d3ecac696,6a70a070faabc7ced4271957,cart_viewed,,,,,,15849.91,pending,2026-08-10T13:22:49.449Z,0,6a777a2bb31338dbaaaf7a30,6a71c15a6066bd8f2f847d8b,,,Dell Inspiron Laptop,Wirless earBuds,,,1,1,,,15300,549.91,,,6a79abfe8d280279a63e5f1f,6a79b1835e74060a157e6a52,,,
6a79d0b9d7797d376718c3aa,session_1786293764305_agj3v9c17,6a782dc1018c2b4d3ecac696,6a70a070faabc7ced4271957,checkout_started,,,,,,15849.91,pending,2026-08-10T13:23:05.543Z,0,6a777a2bb31338dbaaaf7a30,6a71c15a6066bd8f2f847d8b,,,Dell Inspiron Laptop,Wirless earBuds,,,1,1,,,15300,549.91,,,6a79abfe8d280279a63e5f1f,6a79b1835e74060a157e6a52,,,
6a79d0bcd7797d376718c3e4,session_1786293764305_agj3v9c17,6a782dc1018c2b4d3ecac696,6a70a070faabc7ced4271957,cart_viewed,,,,,,15849.91,pending,2026-08-10T13:23:08.827Z,0,6a777a2bb31338dbaaaf7a30,6a71c15a6066bd8f2f847d8b,,,Dell Inspiron Laptop,Wirless earBuds,,,1,1,,,15300,549.91,,,6a79abfe8d280279a63e5f1f,6a79b1835e74060a157e6a52,,,
6a79d0bcd7797d376718c3e9,session_1786293764305_agj3v9c17,6a782dc1018c2b4d3ecac696,6a70a070faabc7ced4271957,cart_viewed,,,,,,15849.91,pending,2026-08-10T13:23:08.873Z,0,6a777a2bb31338dbaaaf7a30,6a71c15a6066bd8f2f847d8b,,,Dell Inspiron Laptop,Wirless earBuds,,,1,1,,,15300,549.91,,,6a79abfe8d280279a63e5f1f,6a79b1835e74060a157e6a52,,,
6a79d0bcd7797d376718c3ee,session_1786293764305_agj3v9c17,6a782dc1018c2b4d3ecac696,6a70a070faabc7ced4271957,checkout_started,,,,,,15849.91,pending,2026-08-10T13:23:08.899Z,0,6a777a2bb31338dbaaaf7a30,6a71c15a6066bd8f2f847d8b,,,Dell Inspiron Laptop,Wirless earBuds,,,1,1,,,15300,549.91,,,6a79abfe8d280279a63e5f1f,6a79b1835e74060a157e6a52,,,
6a79d0c8d7797d376718c413,session_1786293764305_agj3v9c17,6a782dc1018c2b4d3ecac696,6a70a070faabc7ced4271957,purchase_completed,,,,,,15849.91,pending,2026-08-10T13:23:20.488Z,0,6a777a2bb31338dbaaaf7a30,6a71c15a6066bd8f2f847d8b,,,Dell Inspiron Laptop,Wirless earBuds,,,1,1,,,15300,549.91,,,6a79abfe8d280279a63e5f1f,6a79b1835e74060a157e6a52,,,
6a79d0cfd7797d376718c462,session_1786293764305_agj3v9c17,6a782dc1018c2b4d3ecac696,6a70a070faabc7ced4271957,purchase_completed,,,,,,15849.91,pending,2026-08-10T13:23:27.891Z,0,6a777a2bb31338dbaaaf7a30,6a71c15a6066bd8f2f847d8b,,,Dell Inspiron Laptop,Wirless earBuds,,,1,1,,,15300,549.91,,,6a79abfe8d280279a63e5f1f,6a79b1835e74060a157e6a52,,,
6a79d37f4f8276ffde6a8499,session_1786293764305_agj3v9c17,6a782dc1018c2b4d3ecac696,6a705b1d0bded7df22f1c4a5,recovery_email_sent,,,,,,17298,pending,2026-08-10T13:34:55.943Z,0,6a71c2606066bd8f2f847dfb,6a777a2bb31338dbaaaf7a30,,,Home Thetre,Dell Inspiron Laptop,,,2,1,,,999,15300,,,6a79abc28d280279a63e5afd,6a79b1ea5e74060a157e6f14,,,
6a79d3984f8276ffde6a8558,session_1786293764305_agj3v9c17,6a782dc1018c2b4d3ecac696,,wishlist_viewed,,6a777916b31338dbaaaf79bf,6a71c15a6066bd8f2f847d8b,6a71c0dc6066bd8f2f847d6f,,0,pending,2026-08-10T13:35:20.178Z,0,,,,,,,,,,,,,,,,,,,,,
6a79d3984f8276ffde6a855a,session_1786293764305_agj3v9c17,6a782dc1018c2b4d3ecac696,,wishlist_viewed,,6a777916b31338dbaaaf79bf,6a71c15a6066bd8f2f847d8b,6a71c0dc6066bd8f2f847d6f,,0,pending,2026-08-10T13:35:20.193Z,0,,,,,,,,,,,,,,,,,,,,,
6a79d50be7dc535350e7927a,session_1786293764305_agj3v9c17,6a782c19018c2b4d3ecabb2a,6a70a070faabc7ced4271957,product_viewed,6a777ffbb31338dbaaaf7c2e,,,,,0,pending,2026-08-10T13:41:31.206Z,0,,,,,,,,,,,,,,,,,,,,,
6a79d50be7dc535350e7927d,session_1786293764305_agj3v9c17,6a782c19018c2b4d3ecabb2a,6a70a070faabc7ced4271957,product_viewed,6a777f86b31338dbaaaf7c05,,,,,0,pending,2026-08-10T13:41:31.238Z,0,,,,,,,,,,,,,,,,,,,,,
6a79d50be7dc535350e79280,session_1786293764305_agj3v9c17,6a782c19018c2b4d3ecabb2a,6a70a070faabc7ced4271957,product_viewed,6a777f21b31338dbaaaf7bdd,,,,,0,pending,2026-08-10T13:41:31.286Z,0,,,,,,,,,,,,,,,,,,,,,
6a79d50be7dc535350e79283,session_1786293764305_agj3v9c17,6a782c19018c2b4d3ecabb2a,6a70a070faabc7ced4271957,product_viewed,6a777ec6b31338dbaaaf7bb6,,,,,0,pending,2026-08-10T13:41:31.328Z,0,,,,,,,,,,,,,,,,,,,,,
6a79d50be7dc535350e79286,session_1786293764305_agj3v9c17,6a782c19018c2b4d3ecabb2a,6a70a070faabc7ced4271957,product_viewed,6a777e81b31338dbaaaf7b90,,,,,0,pending,2026-08-10T13:41:31.378Z,0,,,,,,,,,,,,,,,,,,,,,
6a79d50be7dc535350e79289,session_1786293764305_agj3v9c17,6a782c19018c2b4d3ecabb2a,6a70a070faabc7ced4271957,product_viewed,6a777e31b31338dbaaaf7b6b,,,,,0,pending,2026-08-10T13:41:31.409Z,0,,,,,,,,,,,,,,,,,,,,,
6a79d510e7dc535350e792d7,session_1786293764305_agj3v9c17,6a782c19018c2b4d3ecabb2a,6a70a070faabc7ced4271957,product_viewed,6a777ddab31338dbaaaf7b47,,,,,0,pending,2026-08-10T13:41:36.033Z,0,,,,,,,,,,,,,,,,,,,,,
6a79d510e7dc535350e792da,session_1786293764305_agj3v9c17,6a782c19018c2b4d3ecabb2a,6a70a070faabc7ced4271957,product_viewed,6a777d53b31338dbaaaf7b24,,,,,0,pending,2026-08-10T13:41:36.054Z,0,,,,,,,,,,,,,,,,,,,,,
6a79d510e7dc535350e792dd,session_1786293764305_agj3v9c17,6a782c19018c2b4d3ecabb2a,6a70a070faabc7ced4271957,product_viewed,6a777ceeb31338dbaaaf7b02,,,,,0,pending,2026-08-10T13:41:36.074Z,0,,,,,,,,,,,,,,,,,,,,,
6a79d510e7dc535350e792e0,session_1786293764305_agj3v9c17,6a782c19018c2b4d3ecabb2a,6a70a070faabc7ced4271957,product_viewed,6a777c91b31338dbaaaf7ae1,,,,,0,pending,2026-08-10T13:41:36.107Z,0,,,,,,,,,,,,,,,,,,,,,
6a79d510e7dc535350e792e3,session_1786293764305_agj3v9c17,6a782c19018c2b4d3ecabb2a,6a70a070faabc7ced4271957,product_viewed,6a777e81b31338dbaaaf7b90,,,,,0,pending,2026-08-10T13:41:36.126Z,0,,,,,,,,,,,,,,,,,,,,,
6a79d510e7dc535350e792e6,session_1786293764305_agj3v9c17,6a782c19018c2b4d3ecabb2a,6a70a070faabc7ced4271957,product_viewed,6a777e81b31338dbaaaf7b90,,,,,0,pending,2026-08-10T13:41:36.148Z,0,,,,,,,,,,,,,,,,,,,,,
6a79d516e7dc535350e79316,session_1786293764305_agj3v9c17,6a782c19018c2b4d3ecabb2a,6a705b1d0bded7df22f1c4a5,product_viewed,6a71c4856066bd8f2f847f8a,,,,,0,pending,2026-08-10T13:41:42.221Z,0,,,,,,,,,,,,,,,,,,,,,
6a79d516e7dc535350e79319,session_1786293764305_agj3v9c17,6a782c19018c2b4d3ecabb2a,6a705b1d0bded7df22f1c4a5,product_viewed,6a71c4856066bd8f2f847f8a,,,,,0,pending,2026-08-10T13:41:42.272Z,0,,,,,,,,,,,,,,,,,,,,,
6a79d516e7dc535350e7931c,session_1786293764305_agj3v9c17,6a782c19018c2b4d3ecabb2a,6a705b1d0bded7df22f1c4a5,product_viewed,6a71c3586066bd8f2f847f12,,,,,0,pending,2026-08-10T13:41:42.296Z,0,,,,,,,,,,,,,,,,,,,,,
6a79d516e7dc535350e7931f,session_1786293764305_agj3v9c17,6a782c19018c2b4d3ecabb2a,6a705b1d0bded7df22f1c4a5,product_viewed,6a71c3586066bd8f2f847f12,,,,,0,pending,2026-08-10T13:41:42.333Z,0,,,,,,,,,,,,,,,,,,,,,
6a79d51ae7dc535350e7933a,session_1786293764305_agj3v9c17,6a782c19018c2b4d3ecabb2a,6a705b1d0bded7df22f1c4a5,product_viewed,6a71c41f6066bd8f2f847f60,,,,,0,pending,2026-08-10T13:41:46.655Z,0,,,,,,,,,,,,,,,,,,,,,
6a79d51ae7dc535350e7933d,session_1786293764305_agj3v9c17,6a782c19018c2b4d3ecabb2a,6a705b1d0bded7df22f1c4a5,product_viewed,6a71c41f6066bd8f2f847f60,,,,,0,pending,2026-08-10T13:41:46.746Z,0,,,,,,,,,,,,,,,,,,,,,
6a79d520e7dc535350e793a5,session_1786293764305_agj3v9c17,6a782c19018c2b4d3ecabb2a,6a70a070faabc7ced4271957,product_viewed,6a7785a6b31338dbaaaf7da2,,,,,0,pending,2026-08-10T13:41:52.238Z,0,,,,,,,,,,,,,,,,,,,,,
6a79d520e7dc535350e793a8,session_1786293764305_agj3v9c17,6a782c19018c2b4d3ecabb2a,6a70a070faabc7ced4271957,product_viewed,6a778529b31338dbaaaf7d78,,,,,0,pending,2026-08-10T13:41:52.263Z,0,,,,,,,,,,,,,,,,,,,,,
6a79d520e7dc535350e793ab,session_1786293764305_agj3v9c17,6a782c19018c2b4d3ecabb2a,6a70a070faabc7ced4271957,product_viewed,6a7784eeb31338dbaaaf7d4e,,,,,0,pending,2026-08-10T13:41:52.282Z,0,,,,,,,,,,,,,,,,,,,,,
6a79d520e7dc535350e793ae,session_1786293764305_agj3v9c17,6a782c19018c2b4d3ecabb2a,6a70a070faabc7ced4271957,product_viewed,6a7784aab31338dbaaaf7d24,,,,,0,pending,2026-08-10T13:41:52.303Z,0,,,,,,,,,,,,,,,,,,,,,
6a79d520e7dc535350e793b1,session_1786293764305_agj3v9c17,6a782c19018c2b4d3ecabb2a,6a70a070faabc7ced4271957,product_viewed,6a778465b31338dbaaaf7cfa,,,,,0,pending,2026-08-10T13:41:52.334Z,0,,,,,,,,,,,,,,,,,,,,,
6a79d520e7dc535350e793b4,session_1786293764305_agj3v9c17,6a782c19018c2b4d3ecabb2a,6a70a070faabc7ced4271957,product_viewed,6a778400b31338dbaaaf7cd0,,,,,0,pending,2026-08-10T13:41:52.352Z,0,,,,,,,,,,,,,,,,,,,,,
6a79d520e7dc535350e793b7,session_1786293764305_agj3v9c17,6a782c19018c2b4d3ecabb2a,6a70a070faabc7ced4271957,product_viewed,6a7783b6b31338dbaaaf7ca6,,,,,0,pending,2026-08-10T13:41:52.372Z,0,,,,,,,,,,,,,,,,,,,,,
6a79d526e7dc535350e7940b,session_1786293764305_agj3v9c17,6a782c19018c2b4d3ecabb2a,6a70a070faabc7ced4271957,product_viewed,6a7785a6b31338dbaaaf7da2,,,,,0,pending,2026-08-10T13:41:58.614Z,0,,,,,,,,,,,,,,,,,,,,,
6a79d526e7dc535350e7940e,session_1786293764305_agj3v9c17,6a782c19018c2b4d3ecabb2a,6a70a070faabc7ced4271957,product_viewed,6a7785a6b31338dbaaaf7da2,,,,,0,pending,2026-08-10T13:41:58.635Z,0,,,,,,,,,,,,,,,,,,,,,
6a79d526e7dc535350e79411,session_1786293764305_agj3v9c17,6a782c19018c2b4d3ecabb2a,6a70a070faabc7ced4271957,add_to_cart,6a7785a6b31338dbaaaf7da2,,,,,780,pending,2026-08-10T13:41:58.655Z,0,6a7785a6b31338dbaaaf7da2,,,,Silicone Body Scrubber & Scalp Massager Set | Long Handle Back Brush,,,,1,,,,780,,,,6a79d526e7dc535350e79412,,,,
6a79d52de7dc535350e7943a,session_1786293764305_agj3v9c17,6a782c19018c2b4d3ecabb2a,6a70a070faabc7ced4271957,product_viewed,6a778465b31338dbaaaf7cfa,,,,,0,pending,2026-08-10T13:42:05.932Z,0,,,,,,,,,,,,,,,,,,,,,
6a79d52ee7dc535350e79445,session_1786293764305_agj3v9c17,6a782c19018c2b4d3ecabb2a,6a70a070faabc7ced4271957,product_viewed,6a778465b31338dbaaaf7cfa,,,,,0,pending,2026-08-10T13:42:06.075Z,0,,,,,,,,,,,,,,,,,,,,,
6a79d52ee7dc535350e79451,session_1786293764305_agj3v9c17,6a782c19018c2b4d3ecabb2a,6a70a070faabc7ced4271957,add_to_cart,6a778465b31338dbaaaf7cfa,,,,,24000,pending,2026-08-10T13:42:06.108Z,0,6a778465b31338dbaaaf7cfa,,,,Upgrade your workspace  OFFICE STAFF REGULAR DESK in Arabian Cherry  (120x60x75cm),,,,1,,,,24000,,,,6a79d52ee7dc535350e79452,,,,
6a79d533e7dc535350e7950b,session_1786293764305_agj3v9c17,6a782c19018c2b4d3ecabb2a,6a70a070faabc7ced4271957,checkout_started,,,,,,24780,pending,2026-08-10T13:42:11.873Z,0,6a7785a6b31338dbaaaf7da2,6a778465b31338dbaaaf7cfa,,,Silicone Body Scrubber & Scalp Massager Set | Long Handle Back Brush,Upgrade your workspace  OFFICE STAFF REGULAR DESK in Arabian Cherry  (120x60x75cm),,,1,1,,,780,24000,,,6a79d523e7dc535350e79401,6a79d52ae7dc535350e7942e,,,
6a79d537e7dc535350e79554,session_1786293764305_agj3v9c17,6a782c19018c2b4d3ecabb2a,,wishlist_viewed,,6a7779bab31338dbaaaf7a04,,,,0,pending,2026-08-10T13:42:15.205Z,0,,,,,,,,,,,,,,,,,,,,,
6a79d537e7dc535350e79556,session_1786293764305_agj3v9c17,6a782c19018c2b4d3ecabb2a,,wishlist_viewed,,6a7779bab31338dbaaaf7a04,,,,0,pending,2026-08-10T13:42:15.218Z,0,,,,,,,,,,,,,,,,,,,,,
6a79d537e7dc535350e79559,session_1786293764305_agj3v9c17,6a782c19018c2b4d3ecabb2a,6a70a070faabc7ced4271957,cart_viewed,,,,,,24780,pending,2026-08-10T13:42:15.246Z,0,6a7785a6b31338dbaaaf7da2,6a778465b31338dbaaaf7cfa,,,Silicone Body Scrubber & Scalp Massager Set | Long Handle Back Brush,Upgrade your workspace  OFFICE STAFF REGULAR DESK in Arabian Cherry  (120x60x75cm),,,1,1,,,780,24000,,,6a79d523e7dc535350e79401,6a79d52ae7dc535350e7942e,,,
6a79d537e7dc535350e7955e,session_1786293764305_agj3v9c17,6a782c19018c2b4d3ecabb2a,6a70a070faabc7ced4271957,cart_viewed,,,,,,24780,pending,2026-08-10T13:42:15.271Z,0,6a7785a6b31338dbaaaf7da2,6a778465b31338dbaaaf7cfa,,,Silicone Body Scrubber & Scalp Massager Set | Long Handle Back Brush,Upgrade your workspace  OFFICE STAFF REGULAR DESK in Arabian Cherry  (120x60x75cm),,,1,1,,,780,24000,,,6a79d523e7dc535350e79401,6a79d52ae7dc535350e7942e,,,
6a79d537e7dc535350e79563,session_1786293764305_agj3v9c17,6a782c19018c2b4d3ecabb2a,6a70a070faabc7ced4271957,checkout_started,,,,,,24780,pending,2026-08-10T13:42:15.293Z,0,6a7785a6b31338dbaaaf7da2,6a778465b31338dbaaaf7cfa,,,Silicone Body Scrubber & Scalp Massager Set | Long Handle Back Brush,Upgrade your workspace  OFFICE STAFF REGULAR DESK in Arabian Cherry  (120x60x75cm),,,1,1,,,780,24000,,,6a79d523e7dc535350e79401,6a79d52ae7dc535350e7942e,,,
6a79d570e7dc535350e79741,session_1786293764305_agj3v9c17,6a782c19018c2b4d3ecabb2a,6a70a070faabc7ced4271957,product_viewed,6a7785a6b31338dbaaaf7da2,,,,,0,pending,2026-08-10T13:43:12.265Z,0,,,,,,,,,,,,,,,,,,,,,
6a79d570e7dc535350e79744,session_1786293764305_agj3v9c17,6a782c19018c2b4d3ecabb2a,6a70a070faabc7ced4271957,product_viewed,6a778529b31338dbaaaf7d78,,,,,0,pending,2026-08-10T13:43:12.310Z,0,,,,,,,,,,,,,,,,,,,,,
6a79d570e7dc535350e79747,session_1786293764305_agj3v9c17,6a782c19018c2b4d3ecabb2a,6a70a070faabc7ced4271957,product_viewed,6a7784eeb31338dbaaaf7d4e,,,,,0,pending,2026-08-10T13:43:12.329Z,0,,,,,,,,,,,,,,,,,,,,,
6a79d570e7dc535350e7974a,session_1786293764305_agj3v9c17,6a782c19018c2b4d3ecabb2a,6a70a070faabc7ced4271957,product_viewed,6a7784aab31338dbaaaf7d24,,,,,0,pending,2026-08-10T13:43:12.350Z,0,,,,,,,,,,,,,,,,,,,,,
6a79d570e7dc535350e7974d,session_1786293764305_agj3v9c17,6a782c19018c2b4d3ecabb2a,6a70a070faabc7ced4271957,product_viewed,6a778465b31338dbaaaf7cfa,,,,,0,pending,2026-08-10T13:43:12.368Z,0,,,,,,,,,,,,,,,,,,,,,
6a79d570e7dc535350e79750,session_1786293764305_agj3v9c17,6a782c19018c2b4d3ecabb2a,6a70a070faabc7ced4271957,product_viewed,6a778400b31338dbaaaf7cd0,,,,,0,pending,2026-08-10T13:43:12.389Z,0,,,,,,,,,,,,,,,,,,,,,
6a79d570e7dc535350e79753,session_1786293764305_agj3v9c17,6a782c19018c2b4d3ecabb2a,6a70a070faabc7ced4271957,product_viewed,6a7783b6b31338dbaaaf7ca6,,,,,0,pending,2026-08-10T13:43:12.411Z,0,,,,,,,,,,,,,,,,,,,,,
6a79d577e7dc535350e797a9,session_1786293764305_agj3v9c17,6a782c19018c2b4d3ecabb2a,6a70a070faabc7ced4271957,product_viewed,6a7784eeb31338dbaaaf7d4e,,,,,0,pending,2026-08-10T13:43:19.145Z,0,,,,,,,,,,,,,,,,,,,,,
6a79d577e7dc535350e797ac,session_1786293764305_agj3v9c17,6a782c19018c2b4d3ecabb2a,6a70a070faabc7ced4271957,product_viewed,6a7784eeb31338dbaaaf7d4e,,,,,0,pending,2026-08-10T13:43:19.177Z,0,,,,,,,,,,,,,,,,,,,,,
6a79d577e7dc535350e797af,session_1786293764305_agj3v9c17,6a782c19018c2b4d3ecabb2a,6a70a070faabc7ced4271957,add_to_cart,6a7784eeb31338dbaaaf7d4e,,,,,999,pending,2026-08-10T13:43:19.209Z,0,6a7784eeb31338dbaaaf7d4e,,,,Cozy Beige Blackout Curtains for Home | Soft Neutral Window Curtains,,,,1,,,,999,,,,6a79d577e7dc535350e797b0,,,,
6a79d57ee7dc535350e7983a,session_1786293764305_agj3v9c17,6a782c19018c2b4d3ecabb2a,6a70a070faabc7ced4271957,checkout_started,,,,,,12999,pending,2026-08-10T13:43:26.488Z,0,6a7784eeb31338dbaaaf7d4e,6a7783b6b31338dbaaaf7ca6,,,Cozy Beige Blackout Curtains for Home | Soft Neutral Window Curtains,Godrej Sofa,,,1,1,,,999,12000,,,6a79d574e7dc535350e7979f,6a79d579e7dc535350e797cc,,,
6a79d57ee7dc535350e7987f,session_1786293764305_agj3v9c17,6a782c19018c2b4d3ecabb2a,6a70a070faabc7ced4271957,product_viewed,6a7783b6b31338dbaaaf7ca6,,,,,0,pending,2026-08-10T13:43:26.748Z,0,,,,,,,,,,,,,,,,,,,,,
6a79d57ee7dc535350e79887,session_1786293764305_agj3v9c17,6a782c19018c2b4d3ecabb2a,6a70a070faabc7ced4271957,product_viewed,6a7783b6b31338dbaaaf7ca6,,,,,0,pending,2026-08-10T13:43:26.776Z,0,,,,,,,,,,,,,,,,,,,,,
6a79d57ee7dc535350e7988b,session_1786293764305_agj3v9c17,6a782c19018c2b4d3ecabb2a,6a70a070faabc7ced4271957,add_to_cart,6a7783b6b31338dbaaaf7ca6,,,,,12000,pending,2026-08-10T13:43:26.805Z,0,6a7783b6b31338dbaaaf7ca6,,,,Godrej Sofa,,,,1,,,,12000,,,,6a79d57ee7dc535350e7988c,,,,
6a79d57ee7dc535350e79892,session_1786293764305_agj3v9c17,6a782c19018c2b4d3ecabb2a,6a70a070faabc7ced4271957,cart_viewed,,,,,,12999,pending,2026-08-10T13:43:26.833Z,0,6a7784eeb31338dbaaaf7d4e,6a7783b6b31338dbaaaf7ca6,,,Cozy Beige Blackout Curtains for Home | Soft Neutral Window Curtains,Godrej Sofa,,,1,1,,,999,12000,,,6a79d574e7dc535350e7979f,6a79d579e7dc535350e797cc,,,
6a79d57ee7dc535350e79897,session_1786293764305_agj3v9c17,6a782c19018c2b4d3ecabb2a,6a70a070faabc7ced4271957,cart_viewed,,,,,,12999,pending,2026-08-10T13:43:26.858Z,0,6a7784eeb31338dbaaaf7d4e,6a7783b6b31338dbaaaf7ca6,,,Cozy Beige Blackout Curtains for Home | Soft Neutral Window Curtains,Godrej Sofa,,,1,1,,,999,12000,,,6a79d574e7dc535350e7979f,6a79d579e7dc535350e797cc,,,
6a79d57ee7dc535350e7989c,session_1786293764305_agj3v9c17,6a782c19018c2b4d3ecabb2a,6a70a070faabc7ced4271957,checkout_started,,,,,,12999,pending,2026-08-10T13:43:26.888Z,0,6a7784eeb31338dbaaaf7d4e,6a7783b6b31338dbaaaf7ca6,,,Cozy Beige Blackout Curtains for Home | Soft Neutral Window Curtains,Godrej Sofa,,,1,1,,,999,12000,,,6a79d574e7dc535350e7979f,6a79d579e7dc535350e797cc,,,
6a79d593e7dc535350e79943,session_1786293764305_agj3v9c17,6a782e97018c2b4d3ecad2cf,6a70a070faabc7ced4271957,product_viewed,6a778800b31338dbaaaf7e9e,,,,,0,pending,2026-08-10T13:43:47.913Z,0,,,,,,,,,,,,,,,,,,,,,
6a79d593e7dc535350e79957,session_1786293764305_agj3v9c17,6a782e97018c2b4d3ecad2cf,6a70a070faabc7ced4271957,product_viewed,6a77878eb31338dbaaaf7e74,,,,,0,pending,2026-08-10T13:43:47.956Z,0,,,,,,,,,,,,,,,,,,,,,
6a79d593e7dc535350e79961,session_1786293764305_agj3v9c17,6a782e97018c2b4d3ecad2cf,6a70a070faabc7ced4271957,product_viewed,6a77873db31338dbaaaf7e4a,,,,,0,pending,2026-08-10T13:43:47.988Z,0,,,,,,,,,,,,,,,,,,,,,
6a79d594e7dc535350e79969,session_1786293764305_agj3v9c17,6a782e97018c2b4d3ecad2cf,6a70a070faabc7ced4271957,product_viewed,6a7786ffb31338dbaaaf7e20,,,,,0,pending,2026-08-10T13:43:48.012Z,0,,,,,,,,,,,,,,,,,,,,,
6a79d594e7dc535350e7996c,session_1786293764305_agj3v9c17,6a782e97018c2b4d3ecad2cf,6a70a070faabc7ced4271957,product_viewed,6a77865db31338dbaaaf7df6,,,,,0,pending,2026-08-10T13:43:48.033Z,0,,,,,,,,,,,,,,,,,,,,,
6a79d594e7dc535350e7996f,session_1786293764305_agj3v9c17,6a782e97018c2b4d3ecad2cf,6a70a070faabc7ced4271957,product_viewed,6a7785fdb31338dbaaaf7dcc,,,,,0,pending,2026-08-10T13:43:48.056Z,0,,,,,,,,,,,,,,,,,,,,,
6a79d594e7dc535350e79973,session_1786293764305_agj3v9c17,6a782e97018c2b4d3ecad2cf,6a70a070faabc7ced4271957,product_viewed,6a77878eb31338dbaaaf7e74,,,,,0,pending,2026-08-10T13:43:48.079Z,0,,,,,,,,,,,,,,,,,,,,,
6a79d599e7dc535350e79993,session_1786293764305_agj3v9c17,6a782e97018c2b4d3ecad2cf,6a70a070faabc7ced4271957,product_viewed,6a77878eb31338dbaaaf7e74,,,,,0,pending,2026-08-10T13:43:53.187Z,0,,,,,,,,,,,,,,,,,,,,,
6a79d599e7dc535350e79996,session_1786293764305_agj3v9c17,6a782e97018c2b4d3ecad2cf,6a70a070faabc7ced4271957,add_to_cart,6a77878eb31338dbaaaf7e74,,,,,450,pending,2026-08-10T13:43:53.208Z,0,6a77878eb31338dbaaaf7e74,,,,Find out why over 8 million men trust MANSCAPED® performance grooming tools. Get Free Shipping → Manscaped.com,,,,1,,,,450,,,,6a79d599e7dc535350e79997,,,,
6a79d5a0e7dc535350e799ce,session_1786293764305_agj3v9c17,6a782e97018c2b4d3ecad2cf,6a70a070faabc7ced4271957,product_viewed,6a7786ffb31338dbaaaf7e20,,,,,0,pending,2026-08-10T13:44:00.926Z,0,,,,,,,,,,,,,,,,,,,,,
6a79d5a0e7dc535350e799d1,session_1786293764305_agj3v9c17,6a782e97018c2b4d3ecad2cf,6a70a070faabc7ced4271957,product_viewed,6a7786ffb31338dbaaaf7e20,,,,,0,pending,2026-08-10T13:44:00.948Z,0,,,,,,,,,,,,,,,,,,,,,
6a79d5a0e7dc535350e799d4,session_1786293764305_agj3v9c17,6a782e97018c2b4d3ecad2cf,6a70a070faabc7ced4271957,product_viewed,6a7785fdb31338dbaaaf7dcc,,,,,0,pending,2026-08-10T13:44:00.970Z,0,,,,,,,,,,,,,,,,,,,,,
6a79d5a0e7dc535350e799d7,session_1786293764305_agj3v9c17,6a782e97018c2b4d3ecad2cf,6a70a070faabc7ced4271957,product_viewed,6a7785fdb31338dbaaaf7dcc,,,,,0,pending,2026-08-10T13:44:00.992Z,0,,,,,,,,,,,,,,,,,,,,,
6a79d5a1e7dc535350e799da,session_1786293764305_agj3v9c17,6a782e97018c2b4d3ecad2cf,6a70a070faabc7ced4271957,add_to_cart,6a7785fdb31338dbaaaf7dcc,,,,,560,pending,2026-08-10T13:44:01.014Z,0,6a7785fdb31338dbaaaf7dcc,,,,Professional Skincare Routine | Glow Up Tips 2026,,,,1,,,,560,,,,6a79d5a1e7dc535350e799db,,,,
6a79d5a5e7dc535350e79a45,session_1786293764305_agj3v9c17,6a782e97018c2b4d3ecad2cf,6a70a070faabc7ced4271957,cart_viewed,,,,,,26689,pending,2026-08-10T13:44:05.771Z,0,6a7789b28744a00092f0331c,6a77783db31338dbaaaf7966,6a77878eb31338dbaaaf7e74,6a7785fdb31338dbaaaf7dcc,"DANCING CACTUS ,Toy for children,toy",Samsung Galaxy A55,Find out why over 8 million men trust MANSCAPED® performance grooming tools. Get Free Shipping → Manscaped.com,Professional Skincare Routine | Glow Up Tips 2026,1,1,1,1,670,25009,450,560,6a79ac328d280279a63e61fb,6a79b1cb5e74060a157e6cda,6a79d596e7dc535350e79987,6a79d59de7dc535350e799c0,
6a79d5a5e7dc535350e79a4c,session_1786293764305_agj3v9c17,6a782e97018c2b4d3ecad2cf,6a70a070faabc7ced4271957,cart_viewed,,,,,,26689,pending,2026-08-10T13:44:05.822Z,0,6a7789b28744a00092f0331c,6a77783db31338dbaaaf7966,6a77878eb31338dbaaaf7e74,6a7785fdb31338dbaaaf7dcc,"DANCING CACTUS ,Toy for children,toy",Samsung Galaxy A55,Find out why over 8 million men trust MANSCAPED® performance grooming tools. Get Free Shipping → Manscaped.com,Professional Skincare Routine | Glow Up Tips 2026,1,1,1,1,670,25009,450,560,6a79ac328d280279a63e61fb,6a79b1cb5e74060a157e6cda,6a79d596e7dc535350e79987,6a79d59de7dc535350e799c0,
6a79d5a9e7dc535350e79a64,session_1786293764305_agj3v9c17,6a782e97018c2b4d3ecad2cf,6a70a070faabc7ced4271957,cart_viewed,,,,,,26129,pending,2026-08-10T13:44:09.154Z,0,6a7789b28744a00092f0331c,6a77783db31338dbaaaf7966,6a77878eb31338dbaaaf7e74,,"DANCING CACTUS ,Toy for children,toy",Samsung Galaxy A55,Find out why over 8 million men trust MANSCAPED® performance grooming tools. Get Free Shipping → Manscaped.com,,1,1,1,,670,25009,450,,6a79ac328d280279a63e61fb,6a79b1cb5e74060a157e6cda,6a79d596e7dc535350e79987,,
6a79d8bba95cb60f7ec69bd3,session_1786293764305_agj3v9c17,6a782c19018c2b4d3ecabb2a,6a70a070faabc7ced4271957,recovery_email_sent,,,,,,560,pending,2026-08-10T13:57:15.092Z,0,6a7785fdb31338dbaaaf7dcc,,,,Professional Skincare Routine | Glow Up Tips 2026,,,,1,,,,560,,,,6a79d5a1e7dc535350e799db,,,,
6a79d8cda95cb60f7ec69cc5,session_1786293764305_agj3v9c17,6a782c19018c2b4d3ecabb2a,6a70a070faabc7ced4271957,checkout_started,,,,,,12999,pending,2026-08-10T13:57:33.529Z,0,6a7784eeb31338dbaaaf7d4e,6a7783b6b31338dbaaaf7ca6,,,Cozy Beige Blackout Curtains for Home | Soft Neutral Window Curtains,Godrej Sofa,,,1,1,,,999,12000,,,6a79d574e7dc535350e7979f,6a79d579e7dc535350e797cc,,,
6a79d8d0a95cb60f7ec69d13,session_1786293764305_agj3v9c17,6a782c19018c2b4d3ecabb2a,6a70a070faabc7ced4271957,cart_viewed,,,,,,12999,pending,2026-08-10T13:57:36.987Z,0,6a7784eeb31338dbaaaf7d4e,6a7783b6b31338dbaaaf7ca6,,,Cozy Beige Blackout Curtains for Home | Soft Neutral Window Curtains,Godrej Sofa,,,1,1,,,999,12000,,,6a79d574e7dc535350e7979f,6a79d579e7dc535350e797cc,,,
6a79d8d1a95cb60f7ec69d1c,session_1786293764305_agj3v9c17,6a782c19018c2b4d3ecabb2a,6a70a070faabc7ced4271957,cart_viewed,,,,,,12999,pending,2026-08-10T13:57:37.027Z,0,6a7784eeb31338dbaaaf7d4e,6a7783b6b31338dbaaaf7ca6,,,Cozy Beige Blackout Curtains for Home | Soft Neutral Window Curtains,Godrej Sofa,,,1,1,,,999,12000,,,6a79d574e7dc535350e7979f,6a79d579e7dc535350e797cc,,,
6a79d8d1a95cb60f7ec69d27,session_1786293764305_agj3v9c17,6a782c19018c2b4d3ecabb2a,6a70a070faabc7ced4271957,checkout_started,,,,,,12999,pending,2026-08-10T13:57:37.052Z,0,6a7784eeb31338dbaaaf7d4e,6a7783b6b31338dbaaaf7ca6,,,Cozy Beige Blackout Curtains for Home | Soft Neutral Window Curtains,Godrej Sofa,,,1,1,,,999,12000,,,6a79d574e7dc535350e7979f,6a79d579e7dc535350e797cc,,,
6a79d8d1a95cb60f7ec69d4a,session_1786293764305_agj3v9c17,6a782c19018c2b4d3ecabb2a,6a70a070faabc7ced4271957,purchase_completed,,,,,,12999,pending,2026-08-10T13:57:37.252Z,0,6a7784eeb31338dbaaaf7d4e,6a7783b6b31338dbaaaf7ca6,,,Cozy Beige Blackout Curtains for Home | Soft Neutral Window Curtains,Godrej Sofa,,,1,1,,,999,12000,,,6a79d574e7dc535350e7979f,6a79d579e7dc535350e797cc,,,
6a79d8d7a95cb60f7ec69dd3,session_1786293764305_agj3v9c17,6a782c19018c2b4d3ecabb2a,6a70a070faabc7ced4271957,purchase_completed,,,,,,12999,pending,2026-08-10T13:57:43.431Z,0,6a7784eeb31338dbaaaf7d4e,6a7783b6b31338dbaaaf7ca6,,,Cozy Beige Blackout Curtains for Home | Soft Neutral Window Curtains,Godrej Sofa,,,1,1,,,999,12000,,,6a79d574e7dc535350e7979f,6a79d579e7dc535350e797cc,,,
6a79d99dc22830b2d5641598,session_1786293764305_agj3v9c17,6a782dc1018c2b4d3ecac696,6a705b1d0bded7df22f1c4a5,recovery_email_sent,,,,,,17298,pending,2026-08-10T14:01:01.683Z,0,6a71c2606066bd8f2f847dfb,6a777a2bb31338dbaaaf7a30,,,Home Thetre,Dell Inspiron Laptop,,,2,1,,,999,15300,,,6a79abc28d280279a63e5afd,6a79b1ea5e74060a157e6f14,,,
